<?xml version="1.0" encoding="UTF-8"?>
<definitions xmlns="http://www.omg.org/spec/BPMN/20100524/MODEL" xmlns:xsi="http://www.w3.org/2001/XMLSchema-instance" xmlns:xsd="http://www.w3.org/2001/XMLSchema" xmlns:activiti="http://activiti.org/bpmn" xmlns:bpmndi="http://www.omg.org/spec/BPMN/20100524/DI" xmlns:omgdc="http://www.omg.org/spec/DD/20100524/DC" xmlns:omgdi="http://www.omg.org/spec/DD/20100524/DI" xmlns:flowable="http://flowable.org/bpmn" typeLanguage="http://www.w3.org/2001/XMLSchema" expressionLanguage="http://www.w3.org/1999/XPath" targetNamespace="http://www.flowable.org/processdef">
  <process id="holidayRequest" name="Holiday Request" isExecutable="true">
    <startEvent id="startEvent" name="流程启动"></startEvent>
    <sequenceFlow id="sequenceFlow-da38ffbe-5ada-424a-950e-b064efe3edb5" sourceRef="startEvent" targetRef="approveTask"></sequenceFlow>
    <userTask id="approveTask" name="Approve or reject request" activiti:candidateGroups="managers"></userTask>
    <sequenceFlow id="sequenceFlow-42b3105f-9acb-48dc-b50d-a548d0c6018e" sourceRef="approveTask" targetRef="decision"></sequenceFlow>
    <exclusiveGateway id="decision" name="决策"></exclusiveGateway>
    <sequenceFlow id="sequenceFlow-117ede9c-751f-441d-b6a7-06d9be22ad28" sourceRef="decision" targetRef="externalSystemCall">
      <conditionExpression xsi:type="tFormalExpression"><![CDATA[${approved}]]></conditionExpression>
    </sequenceFlow>
    <sequenceFlow id="sequenceFlow-1dd3c117-f8e9-452a-9c2d-b04ee900afd6" sourceRef="decision" targetRef="sendRejectionMail">
      <conditionExpression xsi:type="tFormalExpression"><![CDATA[${!approved}]]></conditionExpression>
    </sequenceFlow>
    <serviceTask id="externalSystemCall" name="Enter holidays in external system"
                 activiti:class="com.ithinksky.ch001.HolidayRequest$CallExternalSystemDelegate"></serviceTask>
    <sequenceFlow id="sequenceFlow-10e006d7-3a5f-4cb2-94b8-901c2a70615d" sourceRef="externalSystemCall" targetRef="holidayApprovedTask"></sequenceFlow>
    <userTask id="holidayApprovedTask" name="Holiday approved"></userTask>
    <sequenceFlow id="sequenceFlow-46b1542f-b2e1-4158-9eb3-363693fc875e" sourceRef="holidayApprovedTask" targetRef="approveEnd"></sequenceFlow>
    <serviceTask id="sendRejectionMail" name="Send out rejection email"
                 activiti:class="com.ithinksky.ch001.HolidayRequest$SendRejectionMail"></serviceTask>
    <sequenceFlow id="sequenceFlow-b91cd7ed-2e68-4c4e-b828-bd9f50638061" sourceRef="sendRejectionMail" targetRef="rejectEnd"></sequenceFlow>
    <endEvent id="approveEnd" name="审批通过，流程结束"></endEvent>
    <endEvent id="rejectEnd" name="审批拒绝，流程结束"></endEvent>
  </process>
  <bpmndi:BPMNDiagram id="BPMNDiagram_holidayRequest">
    <bpmndi:BPMNPlane bpmnElement="holidayRequest" id="BPMNPlane_holidayRequest">
      <bpmndi:BPMNShape bpmnElement="startEvent" id="BPMNShape_startEvent">
        <omgdc:Bounds height="35.0" width="35.0" x="180.0" y="327.0"></omgdc:Bounds>
      </bpmndi:BPMNShape>
      <bpmndi:BPMNShape bpmnElement="approveTask" id="BPMNShape_approveTask">
        <omgdc:Bounds height="60.0" width="100.0" x="260.0" y="312.0"></omgdc:Bounds>
      </bpmndi:BPMNShape>
      <bpmndi:BPMNShape bpmnElement="decision" id="BPMNShape_decision">
        <omgdc:Bounds height="40.0" width="40.0" x="410.0" y="322.0"></omgdc:Bounds>
      </bpmndi:BPMNShape>
      <bpmndi:BPMNShape bpmnElement="externalSystemCall" id="BPMNShape_externalSystemCall">
        <omgdc:Bounds height="60.0" width="100.0" x="500.0" y="392.0"></omgdc:Bounds>
      </bpmndi:BPMNShape>
      <bpmndi:BPMNShape bpmnElement="holidayApprovedTask" id="BPMNShape_holidayApprovedTask">
        <omgdc:Bounds height="60.0" width="100.0" x="701.0" y="392.0"></omgdc:Bounds>
      </bpmndi:BPMNShape>
      <bpmndi:BPMNShape bpmnElement="sendRejectionMail" id="BPMNShape_sendRejectionMail">
        <omgdc:Bounds height="60.0" width="100.0" x="500.0" y="232.0"></omgdc:Bounds>
      </bpmndi:BPMNShape>
      <bpmndi:BPMNShape bpmnElement="approveEnd" id="BPMNShape_approveEnd">
        <omgdc:Bounds height="35.0" width="35.0" x="860.0" y="404.0"></omgdc:Bounds>
      </bpmndi:BPMNShape>
      <bpmndi:BPMNShape bpmnElement="rejectEnd" id="BPMNShape_rejectEnd">
        <omgdc:Bounds height="35.0" width="35.0" x="766.0" y="244.0"></omgdc:Bounds>
      </bpmndi:BPMNShape>
      <bpmndi:BPMNEdge bpmnElement="sequenceFlow-da38ffbe-5ada-424a-950e-b064efe3edb5" id="BPMNEdge_sequenceFlow-da38ffbe-5ada-424a-950e-b064efe3edb5">
        <omgdi:waypoint x="215.0" y="344.0"></omgdi:waypoint>
        <omgdi:waypoint x="260.0" y="342.0"></omgdi:waypoint>
      </bpmndi:BPMNEdge>
      <bpmndi:BPMNEdge bpmnElement="sequenceFlow-42b3105f-9acb-48dc-b50d-a548d0c6018e" id="BPMNEdge_sequenceFlow-42b3105f-9acb-48dc-b50d-a548d0c6018e">
        <omgdi:waypoint x="360.0" y="342.0"></omgdi:waypoint>
        <omgdi:waypoint x="410.0" y="342.0"></omgdi:waypoint>
      </bpmndi:BPMNEdge>
      <bpmndi:BPMNEdge bpmnElement="sequenceFlow-117ede9c-751f-441d-b6a7-06d9be22ad28" id="BPMNEdge_sequenceFlow-117ede9c-751f-441d-b6a7-06d9be22ad28">
        <omgdi:waypoint x="450.0" y="342.0"></omgdi:waypoint>
        <omgdi:waypoint x="462.0" y="342.0"></omgdi:waypoint>
        <omgdi:waypoint x="462.0" y="422.0"></omgdi:waypoint>
        <omgdi:waypoint x="500.0" y="422.0"></omgdi:waypoint>
      </bpmndi:BPMNEdge>
      <bpmndi:BPMNEdge bpmnElement="sequenceFlow-1dd3c117-f8e9-452a-9c2d-b04ee900afd6" id="BPMNEdge_sequenceFlow-1dd3c117-f8e9-452a-9c2d-b04ee900afd6">
        <omgdi:waypoint x="450.0" y="342.0"></omgdi:waypoint>
        <omgdi:waypoint x="462.0" y="342.0"></omgdi:waypoint>
        <omgdi:waypoint x="462.0" y="262.0"></omgdi:waypoint>
        <omgdi:waypoint x="500.0" y="262.0"></omgdi:waypoint>
      </bpmndi:BPMNEdge>
      <bpmndi:BPMNEdge bpmnElement="sequenceFlow-10e006d7-3a5f-4cb2-94b8-901c2a70615d" id="BPMNEdge_sequenceFlow-10e006d7-3a5f-4cb2-94b8-901c2a70615d">
        <omgdi:waypoint x="600.0" y="422.0"></omgdi:waypoint>
        <omgdi:waypoint x="701.0" y="422.0"></omgdi:waypoint>
      </bpmndi:BPMNEdge>
      <bpmndi:BPMNEdge bpmnElement="sequenceFlow-46b1542f-b2e1-4158-9eb3-363693fc875e" id="BPMNEdge_sequenceFlow-46b1542f-b2e1-4158-9eb3-363693fc875e">
        <omgdi:waypoint x="801.0" y="422.0"></omgdi:waypoint>
        <omgdi:waypoint x="860.0" y="421.0"></omgdi:waypoint>
      </bpmndi:BPMNEdge>
      <bpmndi:BPMNEdge bpmnElement="sequenceFlow-b91cd7ed-2e68-4c4e-b828-bd9f50638061" id="BPMNEdge_sequenceFlow-b91cd7ed-2e68-4c4e-b828-bd9f50638061">
        <omgdi:waypoint x="600.0" y="262.0"></omgdi:waypoint>
        <omgdi:waypoint x="645.0" y="261.0"></omgdi:waypoint>
        <omgdi:waypoint x="766.0" y="261.0"></omgdi:waypoint>
      </bpmndi:BPMNEdge>
    </bpmndi:BPMNPlane>
  </bpmndi:BPMNDiagram>
</definitions>